lead_id,fname,lname,website,ip_address,zipcode,dob,state,timestamp,country
LEAD-261802,Tauqeer,Qureshi,https://firstchoicequotes.info/,103.141.159.137,400,1987-12-18,punjab,2025-05-12 22:51:53,
LEAD-753675,Tauqeer,Qureshi,https://firstchoicequotes.info/,103.141.159.137,400,2022/12/3,punjab,2025-05-12 22:54:38,
LEAD-684448,Tauqeer,Qureshi,https://firstchoicequotes.info/,103.141.159.137,400,2022/12/3,punjab,2025-05-12 22:55:55,
LEAD-791916,Tauqeer,Qureshi,https://firstchoicequotes.info/,69.32.4.173,400343,2022/12/3,sindh,2025-05-12 23:04:08,AD
LEAD-742935,Tauqeer,Qureshi,https://firstchoicequotes.info/,5.103.6.251,400,2022/12/3,sindh,2025-05-12 23:08:08,
,Tauqeer,Qureshi,https://medicarean.com/,93.41.55.41,400,12/2/2000,sindh,2025-05-29 13:33:49,
,Tauqeer,Qureshi,https://medicarean.com/,251.69.127.159,400,12/2/2000,sindh,2025-05-29 13:37:15,
,Tauqeer,Qureshi,https://medicarean.com/,129.206.8.164,400,12/2/2000,sindh,2025-05-29 13:39:38,
,Tauqeer,Qureshi,https://medicarean.com/,163.93.254.193,400,12/2/2000,South Carolina,2025-05-29 13:42:22,
LEAD-331746,Tauqeer,Qureshi,https://medicarean.com/,92.197.231.139,400,12/2/2000,South Carolina,2025-05-29 13:45:22,
LEAD-391303,Tauqeer,Qureshi,https://medicarean.com/,143.73.239.23,400,12/2/2000,sindh,2025-05-29 13:48:56,
LEAD-218510,Tauqeer,Qureshi,https://medicarean.com/,182.147.124.185,400,12/2/2000,Texas,2025-05-29 13:53:03,
LEAD-557767,Tauqeer,Qureshi,https://medicarean.com/,76.47.217.73,400,12/2/2000,Texas,2025-05-29 13:55:24,
LEAD-990476,Tauqeer,Qureshi,https://cert.trustedform.com/f28cc071a0858ee200c24763481da6b0715809cc,218.142.76.190,400,2022/12/3,Texas,2025-05-29 14:03:14,
LEAD-174908,Tauqeer,Qureshi,https://cert.trustedform.com/37c85e5cfe83ba854cdb494b74be061ac63e9998,131.28.74.56,400,12/2/2000,Illinois,2025-05-29 14:26:37,
LEAD-158543,Tauqeer,Qureshi,https://cert.trustedform.com/dc49ff66666c6d0178f337c1faa1caab85281071,214.252.119.157,400,12/2/2000,Texas,2025-05-29 14:29:06,
LEAD-427285,Tauqeer,Qureshi,https://cert.trustedform.com/61235a9e52cedb4ee27a2f30b4ab04f18b9eab42,105.181.199.180,400,12/2/2000,Pennsylvania,2025-05-29 14:31:45,
LEAD-649992,Tauqeer,Qureshi,https://cert.trustedform.com/16d9e1c12cc6777577b9f4691202ef6667800c70,249.139.66.196,400,12/2/2000,Pennsylvania,2025-05-29 14:33:32,
LEAD-955866,Tauqeer,Qureshi,https://cert.trustedform.com/a123112204c79fb678c149986fdc39be1efd55cd,74.192.228.170,400,12/2/2000,sindh,2025-05-29 14:39:42,
LEAD-535312,bilal,Qureshi,https://cert.trustedform.com/a8e77f570154997d10b5f2b48dc476c8bb439a0e,22.79.52.84,400,12/2/2000,Pennsylvania,2025-05-29 14:41:13,
LEAD-569944,Tauqeer,Qureshi,https://cert.trustedform.com/ffd98399993e3a1cd9af8af6af885114f7c81c40,187.139.55.71,400,2022/12/3,Pennsylvania,2025-05-29 23:40:20,
LEAD-716325,Tauqeer,Qureshi,https://medicarean.com/,14.81.125.130,400,2022/12/3,Pennsylvania,2025-05-29 23:41:26,
